"","evacuation","age","consult_info","evac_orders","expected_hh_impacts","gender","signif_evac_orders","education","multiple_concerns","risk_area","social_cues","unnecessary_evac_exp"
"1","yes",54,2,"mandatory",2,"female",1,12,1,"yes",1,1
"2","yes",55,5,"voluntary",1.75,NA,4,21,2.8,"yes",1,1
"3","yes",66,3,"mandatory",3.5,"female",5,18,1,"yes",5,1
"4","yes",87,2.4,"mandatory",2,"male",5,21,3,"yes",2,2
"5","no",61,2.83,"mandatory",2,"female",5,12,5,"yes",4,5
"6","yes",45,3.83,"mandatory",1.75,"female",5,18,1.8,"yes",1,5
"7","yes",68,3.17,"mandatory",1,"female",4,16,4,"yes",3.5,3
"8","yes",76,4.5,"mandatory",2,"male",5,18,2.2,"yes",3.5,3
"9","yes",67,3.5,"mandatory",2,"male",5,18,3.8,"yes",2.5,1
"10","no",68,2.83,"mandatory",1.25,"male",4,18,3,"yes",2.5,4
"11","yes",80,3,"voluntary",NA,"male",NA,18,NA,"yes",NA,NA
"12","yes",64,1.33,"mandatory",2.25,"female",5,16,2,"yes",3,NA
"13","no",72,2.5,"mandatory",1.5,"male",5,18,2.5,"yes",NA,NA
"14","yes",70,2.67,"mandatory",3,"male",4,16,1.6,"yes",3,2
"15","not applicable",NA,NA,"mandatory",NA,NA,NA,NA,NA,"yes",NA,NA
"16","yes",56,3.33,"mandatory",2.75,"male",4,18,1.4,"yes",4,1
"17","yes",54,2.5,"mandatory",2,"male",5,12,4.2,"yes",5,3
"18","yes",73,5,"mandatory",4.25,"female",4,12,3.4,"yes",4,2
"19","not applicable",73,1.17,"mandatory",1,"female",2,18,3,"yes",2,3
"20","yes",83,3.17,"mandatory",2.25,"male",4,16,3.8,"yes",2.5,1
"21","yes",62,5,"mandatory",2.75,"male",5,18,3.4,"yes",3.5,3
"22","no",60,3.33,"mandatory",1.25,"male",1,16,1,"yes",1,1
"23","yes",83,1.83,"voluntary",1,"male",3,21,1.4,"yes",2.5,3
"24","yes",71,4,"mandatory",4.75,"male",5,16,4,"yes",1,1
"25","yes",65,2.5,"mandatory",1.75,"male",1,18,1,"yes",1,1
"26","yes",58,3.17,"mandatory",5,"female",4,12,4.25,"yes",4.5,5
"27","yes",85,2,"mandatory",4.25,"female",4,18,3,"yes",1,1
"28","yes",80,2,"mandatory",2.5,"female",5,21,2.4,"yes",3.5,1
"29","yes",63,1.33,"mandatory",4,"male",4,16,3.2,"yes",3.5,4
"30","no",59,3.5,"mandatory",2.75,"male",3,16,5,"yes",3,5
"31","no",67,2.17,"mandatory",1.75,"male",3,18,3.6,"yes",2,1
"32",NA,NA,NA,"voluntary",NA,NA,NA,NA,NA,"yes",NA,NA
"33","no",56,3,"mandatory",2.5,"female",3,12,1.6,"yes",4,1
"34","yes",63,2.5,"mandatory",2,"male",5,10,3.5,"yes",1,1
"35","yes",41,1,"mandatory",2,"female",5,21,1.8,"yes",5,3
"36","no",73,2.67,"mandatory",1.5,"male",2,21,2,"yes",1,1
"37","yes",72,1.67,"mandatory",2.25,"male",3,21,1.2,"yes",1,2
"38","yes",46,2,"mandatory",5,"male",5,12,5,"yes",5,5
"39","yes",62,1.67,"mandatory",4,"female",5,16,4.6,"yes",5,1
"40","yes",43,2.83,"mandatory",2.25,"female",4,16,3.6,"yes",1,3
"41","yes",62,4.33,"mandatory",4,"female",5,16,1,"yes",5,1
"42","yes",67,2.83,"mandatory",2.25,"female",4,16,3,"yes",5,5
"43","yes",28,3.5,"mandatory",3,"female",5,21,1.8,"yes",5,3
"44","yes",72,3.33,"mandatory",4.25,"female",5,12,4.6,"yes",5,5
"45","no",42,3.33,"mandatory",1.75,"female",2,18,3.8,"yes",2,5
"46","yes",64,2.17,"voluntary",3,"female",5,16,2.2,"yes",2,2
"47","yes",63,4.33,"mandatory",3.5,"female",1,18,4.2,"yes",2,5
"48","yes",74,2.67,"mandatory",3,"male",5,18,3.8,"yes",3.5,1
"49","yes",74,1.5,"mandatory",3.75,"male",4,18,1.6,"yes",1,1
"50","no",79,2,"mandatory",1,"male",5,16,2.6,"yes",5,5
"51","yes",81,4.4,"mandatory",5,"male",5,12,5,"yes",2.5,5
"52","yes",58,2,"mandatory",2,"female",5,18,1.4,"yes",4,1
"53","yes",77,3,"mandatory",2.5,"female",5,16,3.8,"yes",5,3
"54","yes",46,2.5,"mandatory",3.5,"female",5,18,3.8,"yes",3.5,4
"55","no",65,3.17,"mandatory",2,"female",3,16,3.2,"yes",2,1
"56","yes",72,4.5,"mandatory",3.5,"female",5,21,3.2,"yes",1.5,5
"57","yes",60,4.33,"mandatory",3.5,"male",3,18,4,"yes",2.5,3
"58","yes",76,2.83,"mandatory",2,"female",5,21,3,"yes",4,5
"59","yes",78,1.83,"mandatory",2.5,"male",2,16,1,"yes",3.5,1
"60","yes",59,2.5,"mandatory",1.75,"female",5,12,3,"yes",5,4
"61","yes",49,1.67,"mandatory",2.25,"female",3,18,1.2,"yes",1,1
"62","yes",67,2.17,"mandatory",1,"male",5,21,1.4,"yes",1,1
"63","yes",79,2.83,"mandatory",2.25,"male",4,18,3,"yes",3,4
"64","yes",64,4,"mandatory",NA,"female",5,12,NA,"yes",5,NA
"65","yes",57,2,"mandatory",1,"female",1,16,5,"yes",5,1
"66","yes",70,3.33,"mandatory",2.33,"female",5,16,4.4,"yes",3,5
"67","no",70,2.5,"mandatory",1,"male",5,16,3.4,"yes",1,1
"68","no",85,1.33,"mandatory",1.25,"male",4,21,1.6,"yes",2.5,4
"69","yes",76,2.83,"mandatory",4.25,"female",5,21,4,"yes",4,2
"70","yes",63,3.33,"mandatory",3.25,"male",5,12,2,"yes",2.5,1
"71","yes",60,4.33,"mandatory",2,"male",1,18,3,"yes",2,4
"72","yes",79,1.5,"mandatory",1.75,"male",5,10,4.6,"yes",4.5,4
"73","yes",58,5,"voluntary",1.75,"female",5,18,1.8,"yes",5,3
"74","yes",85,3.33,"mandatory",2,"male",NA,18,3,"yes",1,NA
"75","yes",65,2.5,"voluntary",2.75,"male",5,18,1,"yes",1,3
"76","yes",56,3,"mandatory",1,"male",4,16,2,"yes",2.5,2
"77","yes",70,1.67,"mandatory",1.25,"female",1,NA,2,"yes",1.5,1
"78","not applicable",NA,NA,"mandatory",NA,NA,NA,NA,NA,"yes",NA,NA
"79","yes",80,3.5,"mandatory",3.5,"female",5,16,2.2,"yes",2,1
"80","yes",75,2,"mandatory",2,"female",1,18,4,"yes",1,5
"81","yes",65,1.83,"mandatory",2.25,"male",4,NA,3.6,"yes",4,1
"82","yes",77,5,"mandatory",5,"female",5,16,5,"yes",NA,NA
"83","yes",66,2,"mandatory",1.75,"male",4,18,3.8,"yes",3.5,1
"84","yes",72,4.33,"mandatory",4,"male",5,10,3.2,"yes",5,4
"85","yes",62,3.5,"mandatory",4.5,"female",4,16,3.6,"yes",2,NA
"86","yes",80,3,"mandatory",2.75,"male",5,18,2,"yes",1,1
"87","yes",63,2.33,"mandatory",3,"male",5,12,2.2,"yes",3.5,3
"88","yes",75,2.33,"mandatory",1.75,"male",NA,18,2.6,"yes",1,4
"89","yes",65,2.83,"mandatory",2.75,"male",5,16,3,"yes",2.5,1
"90","yes",80,1.67,"mandatory",1.75,"female",4,12,2.6,"yes",1,1
"91","yes",59,3.17,"mandatory",2.5,"male",4,18,2.2,"yes",3.5,4
"92","yes",66,2.5,"mandatory",1.5,"female",3,16,2.6,"yes",1.5,1
"93","no",69,3,"mandatory",1.5,"female",2,16,4.8,"yes",1.5,5
"94","yes",37,4,"mandatory",3,"female",5,18,2.8,"yes",4,1
"95","yes",55,3.83,"mandatory",1.25,"female",5,12,2.8,"yes",5,1
"96","yes",34,3.67,"mandatory",2.25,"female",2,18,1.6,"yes",3,1
"97","no",86,1.67,"mandatory",1,"female",1,12,1.8,"yes",1,1
"98","yes",50,2.4,"mandatory",4.25,"male",5,12,5,"no",1.5,4
"99","no",67,2.67,"mandatory",4,"female",5,21,1,"yes",3,1
"100","yes",82,3,"mandatory",2.75,"male",4,16,2.2,"yes",2.5,2
"101","yes",52,3.67,"mandatory",3.75,"female",5,18,3.4,"yes",3,5
"102","yes",67,3.83,"mandatory",3.25,"male",5,16,3.4,"yes",3.5,5
"103","yes",43,3.17,"mandatory",2.75,"female",3,NA,5,"yes",4,5
"104","yes",63,5,"mandatory",3.25,"female",4,18,2.6,"yes",1.5,4
"105","yes",62,3.4,"mandatory",2.25,"female",5,21,2.6,"yes",5,1
"106","no",NA,1.83,"mandatory",1.25,"female",1,10,2.6,"yes",2,1
"107","yes",44,3.17,"mandatory",4.5,"female",5,18,1.8,"yes",4.5,3
"108","yes",67,2.83,"mandatory",2,"male",NA,12,NA,"yes",5,NA
"109","yes",71,3.83,"mandatory",3,"male",4,16,2.4,"yes",2,3
"110","yes",NA,1.83,"mandatory",1,"female",1,12,1,"yes",1,1
"111","not applicable",85,1,"mandatory",1,"female",NA,18,NA,"yes",NA,NA
"112","yes",63,4.5,"mandatory",5,"male",5,10,5,"yes",5,5
"113","yes",60,3.33,"mandatory",1.75,"female",5,16,1.6,"yes",5,4
"114","yes",78,2.5,"mandatory",2.25,"male",2,16,1.8,"yes",1,3
"115","no",77,1,"mandatory",1,"male",1,10,1.4,"yes",5,1
"116","yes",75,1.17,"mandatory",2.75,"male",4,12,1.75,"yes",1,NA
"117",NA,NA,NA,"mandatory",NA,NA,NA,NA,NA,"yes",NA,NA
"118","yes",68,2.5,"mandatory",2.25,"male",1,16,4,"yes",1.5,3
"119","yes",64,3,"mandatory",3.75,"male",5,18,4,"yes",3,5
"120","yes",49,3.8,"mandatory",2,"female",4,18,2.4,"yes",4,1
"121","no",61,2,"mandatory",2,"female",1,18,2.4,"yes",1,2
"122","yes",64,3.83,"mandatory",3.75,"male",5,12,4.2,"yes",5,5
"123","yes",62,2.17,"mandatory",2.75,"female",5,12,2.8,"yes",4,1
"124","yes",57,2.6,"mandatory",4.5,"female",5,16,5,"yes",3.5,4
"125","no",94,4,"mandatory",2,"female",4,10,4.8,"yes",3.5,5
"126","yes",75,1.5,"mandatory",2.5,"male",3,18,3.2,"yes",3.5,1
"127","yes",24,3.17,"mandatory",3.5,"female",NA,16,NA,"yes",NA,NA
"128","yes",74,1.33,"mandatory",1,"male",1,21,1.6,"yes",1,1
"129","yes",64,3.33,"mandatory",2.5,"male",4,18,3.6,"yes",4,4
"130","yes",69,2.83,"mandatory",2,"male",5,18,4.6,"yes",5,5
"131","yes",66,2.67,"mandatory",2,"male",3,16,1.8,"yes",1.5,5
"132","yes",66,2.67,"mandatory",2.25,"male",4,18,3.2,"yes",5,3
"133","yes",79,2.83,"mandatory",5,"female",4,16,3.8,"yes",5,1
"134","no",74,1.33,"mandatory",1,"female",2,12,1.4,"yes",1,5
"135","yes",82,3,"mandatory",2.75,"male",5,12,3,"yes",5,2
"136","no",84,1.5,"mandatory",1,"male",3,12,1.4,"yes",2,2
"137","no",58,2,"mandatory",1.25,"female",3,NA,4.2,"yes",3,5
"138","no",76,2.33,"mandatory",1,"female",2,18,1.6,"yes",1,5
"139","no",NA,2.5,"mandatory",1.25,"male",1,18,3.4,"yes",1,5
"140","yes",59,2.17,"mandatory",4.75,"female",5,12,2.8,"yes",5,5
"141","yes",60,1.83,"mandatory",1.5,"female",2,12,1.8,"yes",2,2
"142","yes",70,2.17,"mandatory",2.5,"female",5,16,3.6,"yes",4.5,2
"143","not applicable",60,1.17,"mandatory",1.75,"female",NA,21,NA,"yes",NA,NA
"144","yes",75,1.83,"mandatory",3.5,"male",5,16,3.2,"yes",4,3
"145","yes",46,3.83,"mandatory",4,"female",5,16,2.8,"yes",5,4
"146","yes",59,2.67,"mandatory",2.5,"female",5,12,3.4,"yes",3,2
"147","no",68,3.5,"voluntary",2.25,"female",2,16,3,"no",1.5,2
"148","no",75,2.5,"voluntary",1.75,"male",1,16,2.4,"no",4.5,3
"149","no",NA,3.5,"voluntary",2,"male",3,12,3.2,"yes",2.5,2
"150","yes",51,1.83,"voluntary",1.75,"male",3,12,3.6,"no",3,2
"151","no",83,2.17,"voluntary",1,"female",1,16,2.2,"yes",1,1
"152","yes",82,2,"voluntary",2.75,"male",1,18,3,"yes",2.5,5
"153","yes",64,2.67,"voluntary",2.25,"female",4,18,3.2,"no",1.5,3
"154","no",81,1.67,"voluntary",2,"female",4,21,3,"no",2,5
"155","yes",60,2,"voluntary",3.25,"male",4,18,3.8,"no",5,3
"156","no",74,2,"voluntary",NA,"female",NA,12,NA,"no",NA,NA
"157","yes",37,1,"voluntary",3.5,"female",3,16,3.6,"no",3.5,1
"158","yes",NA,1.67,"voluntary",1.75,"female",5,12,1.4,"yes",3,1
"159","yes",34,2.5,"voluntary",3,"male",1,16,4.4,"yes",1,3
"160","no",55,2.5,"voluntary",1,"female",3,18,2.2,"no",2,2
"161","yes",45,4.17,"voluntary",3.25,"female",5,18,2.8,"no",3.5,1
"162","yes",29,2.33,"voluntary",2.25,"female",4,18,3.4,"no",2.5,1
"163","no",54,3,"voluntary",2.75,"male",4,18,4,"yes",1.5,2
"164","no",27,1.83,"voluntary",1.75,"female",3,21,3.5,"no",4,4
"165","yes",65,1.83,"voluntary",4,"female",5,10,5,"no",3,5
"166","no",62,2.33,"voluntary",1.5,"male",2,12,2,"no",1,1
"167","yes",70,4,"voluntary",2,"female",5,16,2.2,"yes",4,2
"168","yes",50,3.33,"voluntary",2.5,"female",3,18,3.6,"yes",2,3
"169","no",60,1.83,"voluntary",1.25,"female",3,18,3,"yes",3.5,2
"170","no",56,2.83,"voluntary",1.75,"male",4,18,2.2,"no",2,3
"171","no",70,5,"voluntary",1,"male",1,16,1.2,"no",1,5
"172","yes",72,1,"voluntary",5,"female",5,10,5,"no",NA,NA
"173","no",88,2,"voluntary",1,NA,NA,21,NA,"no",NA,NA
"174","no",83,3.4,"voluntary",2,"female",2,18,3.6,"no",1.5,4
"175","no",54,1.17,"voluntary",1.25,"female",1,18,3.8,"yes",1,5
"176","no",61,2.67,"voluntary",2.5,"male",2,18,4.4,"no",3,2
"177","yes",35,3.33,"voluntary",3.75,"male",3,18,2.2,"yes",1.5,3
"178","no",64,2.33,"voluntary",1.25,"male",2,16,1.6,"yes",2,2
"179","yes",67,2,"voluntary",2.75,"male",5,21,2.4,"yes",5,2
"180","no",60,3,"voluntary",1.25,"female",1,16,2.8,"yes",1,5
"181","yes",64,2.17,"voluntary",3.25,"female",4,16,3,"yes",2,1
"182","no",NA,2.33,"voluntary",1,NA,3,21,1,"no",1,1
"183","yes",84,2.5,"voluntary",2.75,"female",5,12,3.6,"yes",2,5
"184","yes",48,1,"voluntary",5,"male",5,21,5,"yes",5,5
"185","yes",61,3,"voluntary",5,"male",5,16,3.67,"no",NA,2
"186","yes",62,3.33,"voluntary",3,"female",4,18,4.2,"no",3.5,3
"187","yes",59,2.83,"voluntary",3,"female",3,12,4.75,"no",5,5
"188","yes",62,4,"voluntary",2.5,"female",5,12,4.4,"yes",3.5,4
"189","no",33,2.17,"voluntary",1.25,"female",3,NA,2.6,"no",3,3
"190","yes",67,3,"voluntary",2,"female",4,16,1.8,"yes",3,1
"191","no",85,1.83,"voluntary",1,"male",NA,18,5,"yes",5,5
"192","no",46,3.83,"voluntary",1.5,"female",3,16,4.2,"no",4,5
"193","no",59,2.33,"voluntary",1.5,"male",2,16,3,"yes",2,4
"194","yes",77,4.33,"voluntary",4.25,"female",5,18,3.8,"no",5,4
"195","yes",64,1,"voluntary",1.67,"female",5,12,5,"no",5,3
"196","yes",81,3.5,"mandatory",2.75,"female",5,16,3.8,"no",4,3
"197",NA,NA,NA,"mandatory",NA,NA,NA,NA,NA,"no",NA,NA
"198","yes",67,4,"mandatory",4,"male",4,18,4,"no",4,4
"199","yes",68,1.83,"mandatory",3,"male",3,16,3,"yes",2.5,2
"200","no",50,5,"mandatory",NA,"male",NA,18,NA,"no",NA,NA
"201","no",58,2.83,"mandatory",4,"female",5,12,5,"no",5,5
"202","yes",48,3.2,"mandatory",2.5,"female",4,12,4.4,"yes",4.5,4
"203","no",67,2.17,"mandatory",1,"male",1,16,4.2,"yes",1,5
"204","no",80,3,"mandatory",1.25,"female",1,16,3.4,"yes",1,5
"205","no",58,4.33,"mandatory",2.75,"female",4,16,3.2,"no",2,4
"206","yes",54,4.5,"mandatory",1.5,"male",4,16,3.8,"no",4.5,3
"207","yes",60,3,"mandatory",3,"female",4,16,2.2,"no",3,4
"208","yes",68,4.5,"mandatory",5,NA,4,10,5,"yes",4.5,1
"209","yes",67,3.83,"mandatory",1.5,"male",5,18,4.2,"yes",1,5
"210","yes",61,2.33,"mandatory",2.25,"male",1,16,1.6,"no",3,3
"211","yes",51,2.17,"mandatory",1.25,"female",3,12,3.4,"no",2,4
"212","yes",62,3,"mandatory",3.25,"female",5,16,3.4,"no",3.5,3
"213","yes",75,5,"mandatory",2.25,"male",5,18,1.6,"yes",2.5,1
"214","yes",34,3.17,"mandatory",2.25,"female",3,16,2.8,"no",3.5,4
"215","not applicable",51,NA,"mandatory",NA,"female",NA,18,NA,"yes",NA,NA
"216","no",49,2.33,"mandatory",1.25,"male",1,16,4,"yes",1,4
"217","yes",65,2.83,"mandatory",2.5,"female",5,18,4,"yes",5,3
"218","no",63,5,"mandatory",3.25,"male",2,18,3.8,"yes",1,4
"219","yes",59,3.83,"mandatory",2.5,"female",5,12,4,"no",4,3
"220","no",69,1.67,"mandatory",1.5,"female",1,16,2.6,"yes",1,3
"221","no",76,2.17,"mandatory",1.5,"male",1,12,1.8,"no",1,1
"222","no",65,2.83,"mandatory",2,"female",3,12,3.6,"yes",3.5,5
"223","no",55,2.17,"mandatory",2.75,"female",3,12,4.8,"no",3,2
"224","yes",64,2.33,"mandatory",2.5,"female",5,18,2,"yes",4.5,1
"225","yes",50,2.17,"mandatory",1,"female",4,18,2.8,"no",4,5
"226","yes",42,5,"mandatory",2,"male",1,16,4,"no",2.5,5
"227","yes",52,3.83,"mandatory",2.25,"male",3,16,4.2,"no",3,3
"228","yes",56,3.2,"mandatory",3,"female",3,10,3.4,"no",2,3
"229","yes",48,3.33,"mandatory",3.25,"male",2,16,4.4,"no",2,4
"230","yes",59,3.33,"mandatory",2.25,"female",5,12,2.4,"no",3,4
"231","yes",82,3.33,"mandatory",4.5,"female",5,12,3.4,"yes",5,5
"232","yes",77,1.83,"mandatory",2,"male",5,12,1.2,"no",3.5,1
"233","yes",52,3.83,"mandatory",1.75,"female",5,21,3.2,"yes",3,3
"234","yes",55,1.83,"mandatory",1.5,"male",5,12,2.8,"no",1,5
"235","yes",83,2.83,"mandatory",3.5,"male",5,18,4.2,"yes",3,3
"236","no",62,1.67,"mandatory",1.25,"male",1,12,3.4,"no",1,5
"237","yes",37,2,"mandatory",2.5,"male",5,12,3.4,"yes",5,4
"238","yes",51,3.33,"mandatory",2,"female",3,16,3,"no",2.5,5
"239","no",65,2.67,"mandatory",1,"male",1,12,1,"yes",1,1
"240","yes",59,3.67,"mandatory",4,"female",5,16,5,"no",5,1
"241","yes",60,4.67,"mandatory",3.25,"female",5,18,3.8,"yes",5,3
"242","yes",50,3.17,"mandatory",3.75,"female",5,16,1.8,"yes",2.5,1
"243","yes",61,3,"mandatory",3.75,"male",5,16,3,"no",2.5,5
"244","no",78,2.5,"voluntary",1.67,"female",5,18,4.6,"yes",2,5
"245","yes",41,2.4,"voluntary",3.25,"female",5,21,4.6,"yes",4,4
"246","no",75,2.33,"voluntary",1,"male",1,18,1,"yes",1,1
"247","no",80,1.17,"voluntary",1,"male",1,21,1.2,"no",1,2
"248","no",61,2.83,"voluntary",2.5,"male",5,21,2.4,"yes",1,4
"249","no",36,2.5,"voluntary",1,"female",3,21,2,"yes",2,5
"250","yes",20,3.17,"voluntary",1.25,"male",4,21,2.4,"yes",4,1
"251","no",37,3,"voluntary",3.75,"female",3,18,3,"yes",3,1
"252","yes",72,2.83,"voluntary",3.75,"male",5,16,5,"yes",3,5
"253","no",44,4.33,"voluntary",2,"female",4,18,3.2,"yes",2,5
"254","no",60,4,"voluntary",1.5,"female",5,21,3.4,"yes",3,4
"255","no",32,2,"voluntary",1.75,"female",2,10,3.6,"no",3.5,4
"256","yes",67,1.83,"voluntary",1.75,"male",1,21,1,"yes",1,1
"257","no",55,1.67,"voluntary",1.25,"female",1,18,3.4,"yes",1,5
"258","yes",46,4,"voluntary",4.25,"female",5,21,1.8,"yes",2,2
"259","no",44,2,"voluntary",NA,"female",NA,10,NA,"yes",NA,NA
"260","no",68,2.67,"voluntary",1.75,"female",1,16,1,"yes",1,1
"261","no",68,4.17,"voluntary",NA,"female",NA,16,NA,"no",NA,NA
"262","no",47,4.17,"voluntary",1,"female",3,18,5,"yes",2,5
"263","no",30,3.17,"voluntary",1.75,"female",1,16,2.8,"yes",1,1
"264","yes",60,3.33,"voluntary",2.5,"female",4,16,2.2,"yes",3,1
"265","no",69,1,"voluntary",1,"female",1,21,1.2,"yes",1,1
"266","no",62,2.5,"voluntary",2,"female",1,16,2,"yes",1,1
"267","no",86,2.67,"voluntary",2.25,"female",3,21,2.6,"yes",4,5
"268","no",71,3,"voluntary",2,NA,2,18,2.6,"yes",3,4
"269","no",62,2,"voluntary",1,"female",5,16,2,"yes",2,4
"270","no",55,2.5,"voluntary",2.5,"female",3,16,4,"yes",NA,NA
"271","no",76,3.17,"voluntary",1.5,"male",2,16,3.2,"yes",1,1
"272","yes",81,2,"voluntary",1.5,"female",1,21,2.4,"yes",1,2
"273","no",66,1.33,"voluntary",2.75,"female",2,21,2,"yes",1,1
"274","no",84,2.83,"voluntary",3,"male",5,18,4.6,"yes",5,5
"275","yes",62,2,"voluntary",1.75,"male",3,18,3.6,"yes",1.5,4
"276","yes",70,3,"voluntary",1.75,"female",2,18,3,"yes",3,3
"277","no",47,4.17,"voluntary",1.75,"female",1,16,1,"yes",1,1
"278","yes",81,2.2,"voluntary",2.75,"male",4,21,3.8,"yes",4,1
"279","no",66,3.5,"voluntary",1,"female",4,12,3.4,"yes",1.5,5
"280","no",63,1.83,"voluntary",2,"male",1,16,4.2,"yes",3,1
"281","yes",61,1.83,"voluntary",1.25,"female",2,16,1.4,"yes",1,1
"282","no",77,1.83,"voluntary",1.25,NA,2,21,1,"yes",1.5,2
"283","yes",72,3,"voluntary",3.25,"female",5,16,5,"yes",5,5
"284","yes",70,3,"voluntary",3,"male",1,16,3.8,"yes",NA,1
"285","no",74,2.83,"voluntary",1.5,"female",5,10,4.4,"no",2,2
"286","yes",60,2.5,"voluntary",5,"female",3,18,2.2,"yes",3,1
"287","yes",67,2.5,"voluntary",1.5,"female",2,21,2.2,"yes",2.5,1
"288","yes",60,5,"voluntary",2.5,NA,5,21,3.2,"yes",4,NA
"289","yes",41,1.17,"voluntary",1.5,"male",2,16,2,"yes",3,2
"290","yes",21,2,"voluntary",2.5,"male",5,16,2,"yes",4.5,2
"291","yes",66,2.33,"voluntary",3.25,"female",5,18,3.4,"yes",5,4
"292","yes",50,2.83,"voluntary",1.75,"male",3,18,1,"no",2,1
"293","no",73,1.33,"voluntary",NA,NA,NA,NA,NA,"yes",1,NA
"294","no",55,2.67,"voluntary",4.5,"male",4,18,4.4,"yes",4,5
"295","no",63,2.83,"voluntary",4.5,"male",4,16,4,"yes",4,2
"296","yes",56,2,"voluntary",1.5,"male",2,21,2.6,"yes",1,2
"297","no",35,1.83,"voluntary",2,"male",4,18,3,"yes",3.5,2
"298","no",56,3.2,"voluntary",NA,"male",1,18,2.8,"yes",1,1
"299","yes",65,2,"voluntary",1,"male",4,21,NA,"yes",4,NA
"300","yes",46,2.5,"voluntary",2.25,"female",4,18,2.4,"yes",3,1
"301","no",63,4.33,"voluntary",2.25,"male",3,18,3,"yes",3,1
"302","no",71,2.83,"voluntary",1.25,"male",2,21,2,"yes",2,3
"303","yes",68,2.5,"voluntary",3,"male",5,21,2,"yes",1,4
"304","no",50,2,"voluntary",2.5,"female",5,12,5,"no",5,5
"305","yes",74,2.83,"voluntary",2,"female",NA,21,1,"yes",NA,5
"306","yes",NA,5,"voluntary",5,NA,5,18,NA,"yes",NA,NA
"307","no",56,3.33,"voluntary",1,"female",5,18,1.8,"yes",3,1
"308","no",77,1.8,"voluntary",1.25,"male",3,21,2,"yes",2,1
"309","yes",59,4,"mandatory",2.5,"female",5,12,3.4,"yes",1.5,5
"310","yes",40,2.2,"mandatory",2.25,"male",5,12,3.75,"yes",4.5,5
"311","yes",42,3.5,"mandatory",1.5,"female",5,16,3.4,"no",2,4
"312","yes",76,3,"mandatory",3,"female",5,12,5,"no",1,5
"313","yes",52,3.67,"mandatory",3.5,"female",5,18,4.4,"no",3.5,2
"314","yes",73,3.17,"mandatory",2.75,"male",4,21,3.2,"no",1,5
"315","no",70,2.5,"mandatory",1,"female",3,16,3.8,"no",2,5
"316","yes",53,2.67,"mandatory",3.75,"female",5,16,3.8,"yes",4,3
"317","yes",29,5,"mandatory",5,"female",5,12,5,"yes",5,5
"318","yes",51,2.83,"mandatory",3.5,"female",4,16,3.6,"no",3.5,2
"319","yes",48,3.67,"mandatory",2.75,"female",5,12,5,"no",5,5
"320","yes",56,1.33,"mandatory",1,"female",3,21,3,"no",3,3
"321","yes",46,2.67,"mandatory",2.25,"male",1,16,3,"no",1,3
"322","yes",80,1.5,"mandatory",1,"female",2,18,1,"no",1,2
"323","no",69,1.67,"mandatory",1,"male",1,12,1.8,"no",1,5
"324","yes",42,3.83,"mandatory",3.75,"female",5,18,3.8,"no",5,2
"325","no",60,3.17,"mandatory",1.25,"female",1,16,2.4,"no",1,1
"326","no",49,3.5,"mandatory",2.75,"female",5,12,3.8,"no",4.5,4
"327","yes",39,4,"mandatory",2.5,"male",5,16,5,"no",5,2
"328","yes",47,4.33,"mandatory",2.5,"female",4,16,3.2,"no",3,2
"329","no",79,5,"mandatory",2,"male",4,12,4,"no",NA,NA
"330","yes",61,2.33,"mandatory",2,"male",5,18,3.2,"no",5,3
"331","no",38,4,"mandatory",1,"female",3,16,5,"no",2.5,5
"332","yes",39,2,"mandatory",3,"male",3,12,3.8,"no",1.5,3
"333","yes",NA,2.17,"mandatory",2.5,"female",NA,21,3.4,"yes",2,4
"334","yes",52,3.33,"mandatory",3.5,"female",1,21,2.4,"yes",1,5
"335","not applicable",74,2.67,"mandatory",2,"male",NA,18,NA,"no",NA,NA
"336","yes",68,2.83,"mandatory",1.5,"female",2,21,1.4,"yes",1,1
"337","no",41,2.17,"mandatory",1.5,"female",3,16,3.8,"no",3,5
"338","yes",52,3.33,"mandatory",3.5,"female",5,16,3,"no",2.5,5
"339","no",56,4,"mandatory",1.5,"female",2,16,4.2,"yes",2,3
"340","yes",59,2.17,"mandatory",2.5,"male",5,16,4,"yes",3,2
"341","not applicable",79,NA,"mandatory",NA,"male",NA,18,NA,"yes",NA,NA
"342","no",63,5,"mandatory",1.5,"male",1,16,1,"yes",1,1
"343","yes",54,2,"mandatory",2.25,"male",3,16,2.2,"yes",2,3
"344","yes",66,3,"mandatory",1.75,"female",1,18,2.2,"no",1,1
"345","no",51,4.17,"mandatory",3.75,"female",3,16,3.4,"no",2,2
"346","yes",67,3.17,"mandatory",3,"female",4,16,4,"no",4.5,5
"347","no",63,3.5,"mandatory",1.75,"male",5,21,2.4,"no",3,2
"348","no",67,2.6,"mandatory",1,"male",2,18,4.8,"no",1,1
"349","no",61,3.33,"mandatory",1.25,"male",2,16,4.4,"no",2,3
"350","yes",53,3,"mandatory",3.25,"female",4,12,3.6,"yes",4,5
"351","yes",42,1.67,"mandatory",2.25,"female",5,18,3.2,"no",4,3
"352","no",51,2.33,"mandatory",4.75,"male",2,16,4,"no",1.5,1
"353","no",34,2,"mandatory",1.75,"female",NA,18,4.4,"no",1,1
"354","yes",76,3,"mandatory",1.5,"male",4,21,1.2,"no",1.5,3
"355","yes",57,3.67,"mandatory",3.25,"male",5,12,2.6,"no",5,5
"356","yes",79,2.33,"mandatory",2.5,"male",3,18,1,"yes",1,3
"357","yes",67,3.83,"mandatory",2.25,"female",5,16,2.6,"no",2,2
"358","yes",87,1.67,"mandatory",1.75,"female",1,21,1,"yes",3,1
"359","yes",67,2,"mandatory",2.25,"female",1,18,3,"no",2,3
"360","no",67,2.2,"mandatory",1,"male",1,16,1,"yes",1,1
"361","yes",74,2.83,"mandatory",2,"female",5,18,1.4,"no",2,2
"362","yes",47,2.17,"mandatory",3.75,"male",4,12,4.8,"no",1.5,3
"363","no",66,2.17,"mandatory",2.25,"male",2,21,1.4,"no",1.5,2
"364","yes",45,4,"mandatory",2.5,"female",2,18,1.8,"yes",1,4
"365","yes",50,3.17,"mandatory",2.5,"female",5,16,3,"no",2,1
"366","yes",70,2,"mandatory",5,"female",3,12,4.8,"yes",2,1
"367","not applicable",78,1.8,"mandatory",1.25,"male",3,16,3.8,"no",2,3
"368","no",68,4.2,"mandatory",2.75,"female",4,18,2.25,"no",3,1
"369","no",33,3.83,"mandatory",2.5,"male",5,18,3,"no",4.5,1
"370","no",67,2.67,"mandatory",1.25,"male",5,16,4.4,"no",4,4
"371","no",67,3.17,"mandatory",1.5,"male",5,18,3.4,"no",5,2
"372","not applicable",89,2,"mandatory",2.5,"female",5,18,1.4,"yes",2,2
"373","no",55,1.8,"mandatory",2,"male",4,16,2.6,"no",3,5
"374","no",53,2,"mandatory",2,"female",2,12,1.8,"no",1,1
"375","yes",80,2.17,"mandatory",2,"male",2,16,1,"no",1,5
"376","yes",71,4,"mandatory",3,"male",5,16,1,"no",5,1
"377","not applicable",NA,NA,"mandatory",NA,NA,NA,NA,NA,"no",NA,NA
"378","yes",51,3.83,"mandatory",2.75,"female",4,10,4.4,"no",5,3
"379","no",72,3.17,"mandatory",2.25,"male",1,16,1.8,"no",1,1
"380","yes",64,2.5,"mandatory",2.5,"male",3,21,2.2,"no",1.5,2
"381","yes",70,3.17,"mandatory",2.5,"female",5,16,2.8,"no",5,2
"382","yes",75,2.67,"mandatory",4,"male",4,NA,3.6,"no",4,4
"383","no",70,4.67,"mandatory",4.25,"female",1,16,1.8,"no",2,3
"384","no",NA,4.33,"mandatory",1.25,"male",1,12,1.8,"no",1,2
"385","no",71,2.33,"mandatory",1.25,"female",1,18,4.4,"no",1,3
"386","no",52,3.17,"mandatory",1.25,"female",4,18,3.2,"no",2,5
"387","no",62,3.67,"mandatory",1,"male",3,18,2,"no",2.5,5
"388","yes",70,2,"mandatory",1.67,"male",1,12,4.2,"yes",2,1
"389","yes",67,2.67,"mandatory",2,"female",5,16,3.4,"no",1,4
"390","no",31,2.8,"mandatory",1.5,"female",5,12,3.8,"yes",4,3
"391","yes",70,3.67,"mandatory",4.25,"female",5,12,3.6,"yes",4,5
"392","yes",80,4,"mandatory",NA,"male",NA,18,5,"yes",NA,NA
"393","yes",53,5,"mandatory",3,"female",5,16,3.4,"yes",3.5,5
"394","yes",68,1.67,"mandatory",5,"female",5,21,5,"yes",5,5
"395","yes",51,3,"mandatory",2,"male",4,18,2.2,"yes",3,2
"396","yes",75,1.83,"mandatory",3,"female",5,NA,4.8,"yes",4,3
"397","yes",60,3.33,"mandatory",1.75,"male",5,18,1.4,"yes",2,4
"398","yes",54,3.5,"mandatory",4,"female",5,12,5,"yes",5,5
"399","yes",79,3,"mandatory",2.75,"female",5,16,5,"yes",4,3
"400","yes",69,3,"mandatory",5,"male",5,12,5,"yes",5,NA
"401","yes",48,2.83,"mandatory",2.5,"female",4,18,2.2,"yes",3.5,1
"402","yes",80,4,"mandatory",NA,"male",NA,16,NA,"yes",NA,NA
"403","no",54,4.33,"mandatory",3.5,"male",4,18,4.6,"yes",4,5
"404","no",70,3.33,"mandatory",2.25,"female",2,16,1.8,"yes",1,3
"405","yes",46,4,"mandatory",2.25,"female",5,NA,2.4,"yes",3.5,5
"406","no",75,1.67,"mandatory",2.75,"female",3,21,3,"yes",1,5
"407","not applicable",46,NA,"mandatory",NA,"female",NA,12,NA,"yes",NA,NA
"408","yes",58,4.33,"mandatory",3.75,"female",4,16,3,"yes",2.5,3
"409","yes",79,5,"mandatory",1.5,"male",4,21,1.6,"yes",4,1
"410","yes",61,3,"mandatory",2.5,"male",5,18,2.6,"yes",3,1
"411","yes",29,3,"mandatory",4.75,"male",4,16,4,"no",3.5,4
"412","yes",88,4.25,"mandatory",1,"female",5,10,5,"yes",2,1
"413","no",60,2.17,"mandatory",2.5,"male",3,16,3.6,"no",3,1
"414","yes",63,2.33,"mandatory",2,"female",5,16,3.8,"yes",3,5
"415","no",43,3.67,"mandatory",2,"female",1,18,1,"yes",1,1
"416","yes",45,1.67,"mandatory",5,"female",3,16,3.4,"yes",3,3
"417","yes",69,2.67,"mandatory",2,"male",2,16,2.8,"yes",2,1
"418","no",48,3,"mandatory",2.25,"female",5,18,2.6,"no",4.5,3
"419","yes",70,2.5,"mandatory",2,"male",5,12,1,"yes",5,1
"420","yes",48,5,"mandatory",4,"female",5,16,3.2,"yes",5,3
"421","no",77,4.2,"mandatory",3.25,"female",5,18,4.6,"yes",5,5
"422","yes",56,2.33,"mandatory",4,"male",5,18,4.6,"yes",4,3
"423","no",69,2,"mandatory",1,"female",1,16,3.8,"yes",1,5
"424","yes",45,2.17,"mandatory",2.75,"female",5,16,5,"yes",3.5,5
"425","yes",49,3,"mandatory",1.75,"female",3,18,3,"yes",3,3
"426","no",72,2.17,"mandatory",1.5,"male",3,12,3.2,"yes",2,5
"427","yes",57,2.2,"mandatory",1.5,"male",2,18,2.4,"yes",1.5,3
"428","yes",42,4,"mandatory",4,"female",5,12,4,"yes",3.5,1
"429","yes",66,2.6,"mandatory",2,"female",5,12,1.8,"yes",3,1
"430","not applicable",42,1,"mandatory",1,"female",1,18,1,"yes",1,1
"431","yes",67,2.33,"mandatory",1.5,"female",1,18,1.8,"yes",2.5,1
"432","yes",65,1.83,"mandatory",3,"female",4,12,4,"yes",1.5,1
"433","yes",67,3.83,"mandatory",2.75,"female",5,21,2.8,"yes",5,5
"434","no",68,3,"mandatory",5,"female",5,16,4.6,"yes",2,5
"435","no",65,1.5,"voluntary",1.25,"male",2,16,1,"no",2,1
"436","no",52,2.83,"voluntary",2.25,"female",3,21,3.4,"no",1.5,1
"437","no",37,4.4,"voluntary",1.25,"male",3,10,2.4,"no",2,2
"438","yes",63,2.83,"voluntary",3,"male",4,16,3,"no",1,1
"439","no",48,3.17,"voluntary",1,"female",2,18,3,"no",1,5
"440","no",36,2.5,"voluntary",1,"female",3,16,4.2,"no",2.5,5
"441","yes",60,1.33,"voluntary",1,"female",5,16,2.2,"no",4,4
"442","no",48,3.17,"voluntary",1.25,"male",1,21,5,"no",1,5
"443","no",60,3,"voluntary",2,"male",1,10,4.2,"no",1,1
"444","no",83,3.33,"voluntary",1.5,"male",1,18,1,"no",1,1
"445","yes",NA,1.67,"voluntary",2,"female",NA,12,2.6,"no",2.5,NA
"446","no",67,2.67,"voluntary",1,"female",2,18,4.6,"yes",4,4
"447","no",64,1.83,"voluntary",2.5,"female",5,18,3,"no",4,2
"448","yes",66,2.67,"voluntary",2.75,"female",5,16,3,"no",4,4
"449","yes",39,1.83,"voluntary",2.75,"female",5,18,2.8,"no",3,2
"450","no",74,5,"voluntary",1.5,"female",NA,18,NA,"no",NA,5
"451","yes",29,3.33,"voluntary",3,"male",5,18,3.6,"no",3,3
"452","no",68,5,"voluntary",1,"female",2,21,1.6,"no",2.5,1
"453","no",65,2.5,"voluntary",2.25,"female",4,16,4.4,"no",3,2
"454","no",89,1.5,"voluntary",1,NA,1,21,1.8,"no",1,1
"455","no",65,3.67,"voluntary",1.5,"female",5,18,3.2,"no",4,5
"456","yes",NA,3.33,"voluntary",2.25,NA,3,NA,1.8,"no",3.5,4
"457","yes",37,1.67,"voluntary",4,"female",5,12,5,"no",5,5
"458","yes",59,2,"voluntary",2,"male",5,12,2.6,"no",1,1
"459","no",43,5,"voluntary",1.75,"female",5,16,5,"yes",5,5
"460","not applicable",60,3.17,"voluntary",1.5,"female",1,16,2.8,"no",2,1
"461","yes",56,2.67,"voluntary",2,"female",3,18,1.6,"no",2.5,3
"462","no",56,2.83,"voluntary",2.75,"female",5,18,4.8,"no",3,5
"463","no",86,5,"voluntary",NA,"female",NA,12,NA,"no",NA,NA
"464","yes",33,3.17,"voluntary",3,"male",3,16,1.4,"no",1,1
"465","no",52,2.67,"voluntary",1.25,"male",3,16,3.6,"no",1,1
"466","no",58,2.33,"voluntary",1.25,"male",1,12,3.6,"no",1,1
"467",NA,NA,NA,"voluntary",NA,NA,NA,NA,NA,"no",NA,NA
"468","yes",44,2.67,"voluntary",3.75,"female",5,18,4.2,"no",5,5
"469","no",69,3.33,"voluntary",2.75,"male",5,16,5,"no",4,NA
"470","no",56,2,"voluntary",1.5,"male",5,21,2,"no",1.5,1
"471","yes",57,4.33,"voluntary",4.5,"female",5,21,4.2,"no",5,5
"472","yes",85,1.5,"voluntary",2,"female",5,21,1,"no",1,1
"473","yes",40,2.33,"voluntary",1.75,"male",5,16,2,"no",2.5,2
"474","no",69,4.5,"voluntary",2,"male",2,16,3.4,"no",1,3
"475","yes",42,2.5,"voluntary",2.25,"female",5,21,2.4,"no",2,1
"476","no",74,3,"voluntary",NA,"female",1,21,1.8,"no",NA,4
"477","no",75,1.67,"voluntary",1,"female",3,12,2,"no",4,1
"478","no",86,NA,"voluntary",NA,NA,NA,NA,NA,"no",NA,NA
"479","yes",74,1.5,"voluntary",1.25,"female",3,18,2,"no",1,1
"480","no",64,1.17,"voluntary",1.25,"male",1,18,1,"no",1,1
"481","no",35,3.33,"voluntary",2,"male",1,16,4,"no",1,2
"482","yes",69,1.4,"voluntary",2.75,"male",5,12,4.6,"yes",5,2
"483","no",69,2,"voluntary",2.25,"female",1,16,4.6,"no",1,4
"484","no",32,3.67,"voluntary",1.25,"female",4,12,4.6,"no",2,5
"485","yes",47,2.67,"voluntary",1,"female",5,18,1,"no",1,1
"486","no",69,2.33,"voluntary",1.75,"female",4,21,3.6,"no",4,4
"487","no",68,2.4,"voluntary",2,"female",3,21,2.8,"no",1.5,4
"488","yes",59,3.5,"voluntary",2.5,"female",5,21,5,"no",5,3
"489","yes",58,1.17,"mandatory",3,"male",5,16,1.4,"yes",1,NA
"490","yes",69,3.83,"mandatory",2.75,"female",5,16,4.5,"yes",4,1
"491","yes",69,2.33,"mandatory",2,"male",4,18,2.8,"yes",1.5,2
"492","yes",82,1.83,"voluntary",1,"female",2,18,1.8,"yes",1.5,3
"493","yes",41,3.33,"mandatory",2,"female",3,16,2.4,"yes",2.5,2
"494","yes",65,3.33,"mandatory",3,"male",4,18,2.8,"yes",2.5,4
"495","not applicable",65,2,"mandatory",3.25,"male",NA,21,NA,"yes",NA,NA
"496","yes",60,1.6,"mandatory",3.75,"male",5,10,4.2,"yes",4.5,3
"497","no",42,4,"mandatory",4.25,"female",3,12,3.2,"yes",4,1
"498","yes",56,2,"voluntary",1,"female",5,16,1,"yes",1,1
"499","yes",73,2.5,"mandatory",2,"male",5,21,1.8,"yes",1.5,1
"500","no",71,4,"mandatory",3.25,"male",NA,NA,4.4,"yes",NA,NA
"501","yes",69,2.17,"mandatory",2.25,"female",4,21,1,"yes",1,1
"502","yes",86,2.33,"mandatory",1.5,"male",5,12,3.4,"yes",4,5
"503","yes",67,3,"mandatory",1.75,"female",NA,10,2.2,"yes",3,1
"504","yes",81,2.17,"mandatory",3.25,"male",5,16,3.4,"yes",2.5,3
"505","no",58,5,"mandatory",2.25,"female",4,21,2.8,"yes",5,1
"506","yes",52,1.8,"mandatory",2.5,"female",5,16,2.6,"yes",4,4
"507","yes",78,1.83,"mandatory",3.25,"male",5,16,3.6,"yes",5,2
"508","yes",44,3.83,"mandatory",1.5,"female",5,18,4.6,"yes",3,2
"509","yes",75,3.5,"mandatory",4.75,"female",5,12,5,"yes",5,5
"510","yes",70,3.25,"voluntary",3,"male",5,18,3.6,"yes",5,4
"511","yes",75,5,"mandatory",2.33,"female",NA,12,5,"yes",NA,NA
"512","yes",78,2.67,"mandatory",3,"female",5,21,1.8,"yes",3,1
"513","no",70,2.5,"mandatory",1.75,"male",2,18,4,"yes",1.5,3
"514","yes",48,4,"mandatory",2,"female",4,21,1.4,"yes",4,2
"515","yes",79,1.8,"mandatory",2.5,"female",5,12,4.4,"yes",2.5,1
"516","yes",40,2.33,"mandatory",1,"female",2,18,1.4,"yes",1,1
"517","yes",62,1.5,"mandatory",3,"female",5,21,3,"yes",3,3
"518","yes",64,4.17,"mandatory",5,"male",5,16,4.4,"yes",5,1
"519","no",51,3.17,"mandatory",1,"female",2,18,3,"yes",1.5,5
"520","yes",65,2,"mandatory",1,"male",2,21,3.2,"yes",2,5
"521","yes",60,4.8,"mandatory",1.75,"female",4,16,3.4,"yes",3,5
"522","no",59,2.17,"mandatory",1.75,"female",3,16,2.6,"yes",1.5,5
"523","not applicable",NA,NA,"mandatory",NA,NA,NA,NA,NA,"yes",NA,NA
"524","yes",81,2.5,"mandatory",2.25,"male",3,18,2,"yes",1,2
"525","no",93,3.33,"mandatory",2.5,"female",4,16,3.8,"yes",1.5,5
"526","yes",70,2.5,"mandatory",2,"male",3,16,1.6,"yes",1.5,1
"527","no",82,NA,"mandatory",NA,"female",5,21,4.8,"yes",1,5
"528","yes",80,2.83,"mandatory",4,"female",5,21,1.4,"yes",1,3
"529","no",66,2.67,"mandatory",1.5,"female",4,18,4,"yes",3,5
"530","yes",74,2.5,"mandatory",3,"male",5,12,1,"yes",2.5,1
"531","yes",62,2.67,"mandatory",3,"male",3,18,5,"yes",1,3
"532","yes",55,4.17,"mandatory",3,"female",5,18,4.4,"yes",3.5,3
"533","no",NA,NA,"mandatory",NA,NA,NA,NA,NA,"yes",NA,NA
"534","yes",52,2,"mandatory",2,"female",4,21,2.4,"yes",2.5,4
"535","yes",66,5,"mandatory",2.5,"female",5,18,5,"yes",5,5
"536","yes",84,3.17,"mandatory",2.75,"male",5,12,2.8,"yes",2.5,1
"537","yes",23,2.5,"mandatory",1.5,"male",4,18,1.2,"yes",2.5,1
"538","yes",85,3.67,"voluntary",1.5,"female",1,21,1.4,"yes",1,1
"539","yes",58,1.83,"mandatory",2,"male",5,21,3,"yes",4,3
"540","yes",66,2.5,"mandatory",2.25,"female",5,21,3,"yes",3.5,3
"541","yes",75,4,"mandatory",2,"male",5,21,1,"yes",1,1
"542","yes",60,3.67,"mandatory",4.25,"female",5,12,4.4,"yes",3,5
"543","yes",66,2.67,"mandatory",3,NA,3,12,4,"yes",3,5
"544","yes",64,1.83,"mandatory",3.25,"female",5,16,3.2,"yes",5,4
"545","yes",63,5,"mandatory",4,"female",5,16,4,"yes",3,4
"546","yes",62,2.83,"mandatory",1.75,"male",4,21,3.6,"yes",1,1
"547","yes",77,3,"mandatory",2.75,"male",1,16,3.5,"yes",1,2
"548","yes",64,2.8,"voluntary",3.5,"female",5,18,2.6,"yes",3.5,4
"549","yes",70,1.5,"mandatory",3.5,"male",5,NA,2.8,"yes",2,2
"550","yes",72,2.17,"mandatory",2.5,"male",4,16,2.2,"yes",3.5,1
"551","no",58,5,"mandatory",2.75,"female",4,16,5,"yes",3,1
"552","yes",52,2.67,"mandatory",1.75,"female",5,18,2.2,"yes",5,2
"553","yes",65,3.33,"mandatory",1.5,"female",5,18,2.6,"yes",5,1
"554","yes",80,1.33,"mandatory",1.25,"male",3,18,2.4,"yes",3,4
"555","yes",68,2.83,"mandatory",3.75,"female",2,12,3.6,"yes",2,1
"556","yes",67,5,"mandatory",3,"female",5,18,4.2,"yes",5,1
"557","yes",67,3.33,"mandatory",2.5,"female",5,16,3.8,"yes",5,5
"558","yes",61,4.5,"mandatory",4,"female",5,16,5,"yes",3.5,4
"559","yes",73,3,"mandatory",2.5,"male",5,16,2.6,"yes",1,1
"560","no",60,5,"voluntary",3,"female",4,16,2.6,"yes",3,4
"561","yes",76,4,"voluntary",NA,"female",NA,18,NA,"yes",NA,NA
"562","no",64,2,"mandatory",2,"male",3,18,2,"yes",1,5
"563","yes",37,1.67,"mandatory",3.5,"male",5,16,1.4,"yes",2,1
"564","yes",78,1.6,"mandatory",2,"male",5,16,2.2,"yes",4,3
"565","yes",31,2.5,"mandatory",3,"male",5,18,1,"yes",1,1
"566","yes",50,4,"mandatory",4,"male",1,12,5,"yes",3,1
"567","yes",52,2.67,"mandatory",1.5,"female",5,18,2.4,"yes",4,3
"568","no",61,1,"mandatory",1,"male",1,18,1,"yes",1,1
"569","yes",56,2.5,"mandatory",4,"female",5,16,3.8,"yes",1.5,5
"570","yes",42,3,"mandatory",2.75,"male",4,12,4.6,"yes",5,4
"571","yes",57,2,"mandatory",1,"female",4,16,3,"yes",3,3
"572","yes",72,2,"mandatory",1,"male",3,16,2.25,"yes",1.5,5
"573","yes",56,3.5,"mandatory",3,"female",5,16,2.2,"yes",4,3
"574","no",62,3.33,"mandatory",2,"female",2,16,3.6,"yes",1,1
"575","no",88,2.83,"mandatory",2.25,"male",2,12,1.6,"yes",2,2
"576","yes",65,3.5,"mandatory",2.5,"female",3,12,1.6,"yes",1,3
"577","yes",60,2.4,"mandatory",3,"male",4,21,2.4,"yes",2,4
"578","yes",54,2.17,"mandatory",3.5,"female",5,18,3,"yes",1,4
"579","yes",60,3.67,"mandatory",2.75,"male",5,12,2,"yes",1,2
"580","yes",79,3,"mandatory",1.67,"female",5,12,1.8,"yes",4,3
"581","no",54,2.17,"mandatory",2.5,"female",5,16,4.2,"yes",5,5
"582","yes",64,1.83,"mandatory",2.5,"female",5,21,1.8,"yes",4,1
"583","yes",49,3.83,"mandatory",1.5,"female",3,18,3.5,"yes",3,3
"584","yes",86,2.17,"mandatory",1.25,"male",3,18,3.6,"yes",3,4
"585","yes",60,1.17,"mandatory",1.5,"male",5,12,1.8,"yes",2,1
"586","no",71,5,"mandatory",1,"male",1,18,1.8,"yes",1,1
"587","yes",69,2.67,"mandatory",2,"male",5,21,3.6,"yes",2,2
"588","yes",50,2,"mandatory",2,"female",2,21,1.8,"yes",1,5
"589","yes",54,2.33,"mandatory",3.5,"female",4,NA,1,"yes",1,1
"590","yes",65,3.75,"mandatory",2.5,"female",5,12,3.8,"yes",5,1
"591","yes",48,3.5,"mandatory",3,"female",5,16,3.8,"yes",5,3
"592","yes",72,2.17,"mandatory",1,"male",1,18,2,"yes",1,1
"593","no",77,3.17,"mandatory",1,"male",1,21,3.2,"yes",1,1
"594","yes",71,3.67,"mandatory",1,"female",3,18,3.8,"yes",2,3
"595","yes",78,2.33,"mandatory",1.25,"female",4,21,1.6,"yes",2.5,3
"596","no",58,2.33,"mandatory",1,"female",1,21,1,"yes",1,1
"597","yes",70,2,"mandatory",1.5,"female",4,21,2.8,"yes",3,3
"598","no",60,3,"mandatory",1,"male",2,16,2.6,"yes",1,5
"599","yes",62,3.8,"mandatory",2.75,"male",5,12,4.6,"yes",1.5,3
"600","yes",56,2,"mandatory",4.5,"male",5,12,5,"yes",4.5,4
"601","no",52,2.5,"mandatory",2.75,"female",3,21,3.4,"yes",2,1
"602","yes",65,3.5,"mandatory",2,"male",5,12,3.6,"yes",1,5
"603","yes",77,2.83,"mandatory",2,"female",4,12,3,"yes",2,2
"604","yes",54,2.5,"mandatory",3,"male",5,21,2.6,"yes",5,5
"605","no",61,4.67,"mandatory",1.25,"female",5,16,4,"yes",4.5,5
"606","yes",68,4,"mandatory",2.5,"male",4,18,4,"yes",1,5
"607","yes",58,1.83,"mandatory",1.5,"male",4,18,3,"yes",2,4
"608","no",62,2.5,"mandatory",2.75,"male",4,21,2.8,"yes",3.5,3
"609","yes",68,2.83,"mandatory",1.25,"male",3,18,3.6,"yes",1,5
"610","yes",62,3.33,"mandatory",2.5,"female",5,16,3.8,"yes",5,4
"611","no",62,3.17,"mandatory",1,"male",1,16,3,"yes",1.5,5
"612","yes",65,2.33,"mandatory",1.75,"female",4,12,2.2,"yes",2,3
"613","yes",NA,3.67,"voluntary",1.75,"female",5,18,4.2,"no",2.5,1
"614","yes",45,2.33,"voluntary",2.75,"male",5,18,5,"no",5,5
"615","no",73,4,"voluntary",2,"male",2,21,3.6,"yes",3,3
"616","no",37,1.83,"voluntary",1.75,"male",4,18,2.4,"no",4,4
"617","yes",71,2.5,"voluntary",1.5,"male",3,16,3.4,"yes",1.5,3
"618","no",30,2,"voluntary",2,"female",4,18,3.2,"no",4,4
"619","yes",67,2.5,"voluntary",3.5,"male",4,16,2.2,"yes",2,4
"620","no",71,1.67,"voluntary",1.75,"female",5,18,4.8,"no",1,1
"621","yes",64,3.17,"voluntary",3,"male",5,16,5,"yes",5,1
"622","no",74,1,"voluntary",1,"male",2,21,5,"no",1,2
"623","no",NA,NA,"voluntary",NA,NA,NA,NA,NA,"no",NA,NA
"624","yes",52,3.17,"voluntary",NA,"female",4,18,1.6,"no",2,2
"625","yes",56,5,"voluntary",3,"female",5,18,5,"no",5,5
"626","not applicable",NA,NA,"voluntary",NA,NA,NA,NA,NA,"no",NA,NA
"627","no",58,3,"voluntary",1,"male",1,16,2.8,"no",1,4
"628","no",79,1,"voluntary",NA,"female",1,12,1,"no",1,1
"629","yes",46,3.17,"voluntary",4,"female",5,16,2.8,"yes",5,5
"630","yes",56,1.5,"voluntary",1.5,"male",5,16,2.6,"yes",2,2
"631","no",52,3.5,"voluntary",2,"female",3,16,3,"yes",1.5,3
"632","no",64,2.5,"voluntary",1.75,"female",3,21,4.2,"yes",2,5
"633","yes",65,2.5,"voluntary",1.25,"male",5,21,1.6,"yes",3,2
"634","yes",60,2.67,"voluntary",1.5,"female",5,18,3.2,"no",3.5,2
"635","no",56,1.33,"voluntary",1.25,"female",1,18,1,"yes",1,1
"636","yes",56,3.17,"voluntary",3.5,"female",4,12,3.8,"no",3.5,3
"637","yes",81,1.67,"voluntary",1,"female",2,18,2.4,"no",2,1
"638","no",68,3,"voluntary",1.25,"male",1,16,1,"no",1,1
"639","no",27,4,"voluntary",2.25,"male",1,21,1,"no",1,1
"640","yes",55,3.33,"voluntary",3.25,"female",4,18,3,"no",4,3
"641","yes",47,5,"voluntary",2,"female",4,16,2.6,"yes",1.5,1
"642","no",60,1.83,"voluntary",1.5,"female",NA,18,NA,"no",2,NA
"643","no",72,2.33,"voluntary",1.5,"female",2,21,2,"no",2,2
"644","no",46,4.17,"voluntary",1.5,"female",4,18,4.4,"no",2,5
"645","no",58,1.83,"voluntary",1.5,"female",2,16,2.2,"no",2,2
"646","no",53,2,"voluntary",1.5,"male",2,16,2.6,"no",1,1
"647","yes",60,2,"voluntary",NA,"male",NA,10,NA,"no",5,NA
"648","no",63,1.67,"voluntary",2.5,"male",2,16,3,"no",1.5,4
"649","no",59,4,"voluntary",2,"female",1,10,1,"no",1,1
"650","yes",67,3.33,"voluntary",2.5,"female",4,18,4.4,"yes",3.5,3
"651","yes",NA,3,"voluntary",3,"female",5,16,5,"no",5,3
"652","yes",54,3.5,"voluntary",4.25,"male",5,16,5,"no",5,4
"653","no",66,2.83,"voluntary",2,"male",2,16,3.6,"no",1,5
"654","no",44,4.17,"voluntary",1,"female",5,21,1.8,"no",3,1
"655","yes",60,3.67,"voluntary",3.75,"female",5,NA,5,"no",5,5
"656","yes",42,3.83,"mandatory",1.25,"female",4,18,3.2,"no",4,4
"657","yes",60,4,"mandatory",5,"female",NA,10,5,"yes",NA,NA
"658","yes",60,3.33,"mandatory",2.75,"female",3,16,3.4,"no",2.5,5
"659","yes",68,1.83,"mandatory",1.75,"male",1,18,1.6,"no",1,2
"660","yes",66,2.33,"mandatory",2.25,"male",2,18,2.8,"no",1,5
"661","yes",63,3.83,"mandatory",1.75,"male",5,16,3.8,"no",2,3
"662","yes",61,3.33,"mandatory",2,"female",5,12,2,"no",3,4
"663","yes",56,2,"mandatory",2,"female",3,12,2.25,"yes",2.5,4
"664","yes",70,3.67,"mandatory",2.5,"male",5,16,1.6,"no",2,3
"665","yes",39,5,"mandatory",2.5,"male",3,16,4,"no",5,3
"666","no",59,4.5,"mandatory",2.25,"female",4,10,4,"no",2.5,5
"667","no",50,2,"mandatory",2.75,"female",4,21,2.2,"yes",2,3
"668","no",55,2,"mandatory",2.5,"male",3,16,1.8,"no",2.5,3
"669","yes",65,1.5,"mandatory",2,"male",2,16,4.2,"no",2.5,3
"670","no",57,4,"mandatory",2.25,"female",2,18,4,"yes",2,4
"671","yes",62,3.17,"mandatory",1.5,"female",5,12,4.2,"no",5,1
"672","yes",75,2.33,"mandatory",2,"female",2,16,4.2,"yes",1.5,5
"673","yes",53,2.67,"mandatory",1.5,"male",5,18,3.2,"yes",1,1
"674","no",64,5,"mandatory",1,"female",3,12,3.2,"no",1,5
"675","yes",48,2.33,"mandatory",1.5,"female",5,16,3.6,"yes",4.5,5
"676","yes",61,2,"mandatory",2.75,"female",1,10,1,"no",1,1
"677","yes",58,3,"mandatory",2.25,"female",5,16,4,"yes",3,4
"678","yes",65,1.83,"mandatory",3.25,"female",1,16,3.8,"yes",5,1
"679","yes",67,1.83,"mandatory",1,"female",4,21,2,"no",3,1
"680","yes",63,3.17,"mandatory",3.5,"male",5,18,2,"yes",1,4
"681","no",52,4.5,"mandatory",1.75,"male",3,16,5,"no",1,5
"682","yes",59,3.33,"mandatory",1,"female",5,18,3.4,"yes",3,3
"683","yes",50,2.67,"mandatory",1.5,"female",4,16,4.2,"yes",2.5,4
"684","yes",69,2.33,"mandatory",1.75,"male",2,16,3.6,"yes",2.5,4
"685","no",82,2.83,"mandatory",2.5,"female",5,21,3,"yes",4,4
"686","yes",61,1.83,"mandatory",1.25,"male",2,21,2,"no",2,2
"687","yes",63,2.83,"mandatory",2,"female",5,18,2.8,"yes",3.5,1
"688","no",72,3.5,"mandatory",1.75,"female",5,21,2.8,"yes",4,5
"689","yes",57,4.5,"mandatory",4,"female",5,18,4.8,"no",2.5,1
"690","no",59,2.17,"mandatory",1.25,"male",1,16,3.6,"no",2,5
"691","yes",65,2.33,"mandatory",2.5,"female",5,NA,4.2,"yes",4.5,2
"692","no",57,2,"mandatory",2,"male",3,18,2.6,"no",3,3
"693","yes",58,4,"mandatory",4.25,"female",5,16,2.4,"no",1.5,5
"694","yes",NA,3.5,"mandatory",3,"male",5,10,4.2,"no",5,1
"695","yes",77,5,"mandatory",3,"female",NA,21,NA,"no",3.5,NA
"696","no",50,3,"mandatory",1.67,"male",1,16,1.2,"yes",1,1
"697","yes",60,4.17,"mandatory",5,"female",5,18,3,"no",5,5
"698","yes",63,4,"mandatory",3,"male",5,16,4.2,"no",5,1
"699","yes",53,3.67,"mandatory",1,"female",1,18,1,"no",1,1
"700","no",71,1.33,"mandatory",1.25,"male",2,12,3,"yes",2,3
"701","no",79,5,"voluntary",1.75,"female",3,10,3.4,"no",2,5
"702","yes",31,2.83,"voluntary",2.75,"female",4,18,3.2,"yes",4.5,1
"703","no",63,3.17,"voluntary",1,"male",3,21,2.8,"yes",3.5,5
"704","no",50,5,"voluntary",2.75,"female",2,12,3,"yes",2,3
"705","no",80,2.33,"voluntary",1.25,"female",1,16,1,"yes",1,1
"706","no",67,4.33,"voluntary",5,"female",5,10,5,"yes",5,5
"707","not applicable",63,2.17,"voluntary",2.75,"male",NA,21,NA,"yes",NA,NA
"708","not applicable",NA,NA,"voluntary",NA,NA,NA,NA,NA,"no",NA,NA
"709","yes",53,3.4,"voluntary",3.5,"female",4,18,3.8,"yes",3.5,4
"710","no",80,3,"voluntary",1.5,"female",1,16,1.2,"yes",1,1
"711","no",47,4,"voluntary",3.75,"female",4,18,4,"yes",2.5,3
"712","yes",73,2.67,"voluntary",2,"male",1,21,3,"yes",1,5
"713","no",71,1.5,"voluntary",1.25,"female",5,18,1.8,"yes",1,5
"714","no",70,1.33,"voluntary",2,"female",3,16,3,"yes",3,3
"715","yes",84,NA,"voluntary",NA,"female",NA,18,NA,"yes",NA,NA
"716","no",60,5,"voluntary",1.5,"male",2,12,4,"yes",1,5
"717","yes",63,5,"voluntary",3.75,"female",5,10,4.8,"no",5,4
"718","no",70,1.67,"voluntary",2.25,"female",1,18,1.8,"yes",1,1
"719","yes",72,2.83,"voluntary",4,"female",4,16,4.4,"yes",4,3
"720","yes",58,3.83,"voluntary",3,"female",4,18,2.6,"yes",1,1
"721","no",64,5,"voluntary",5,NA,NA,10,5,"yes",NA,NA
"722","no",70,5,"voluntary",1.25,"female",1,21,4.8,"yes",1,5
"723","no",58,3,"voluntary",NA,"male",NA,12,NA,"yes",NA,NA
"724","no",67,2,"voluntary",2.25,"male",1,12,3.6,"yes",2,1
"725","no",44,4,"voluntary",3,"female",1,16,1,"yes",1,1
"726","yes",44,2.67,"voluntary",4.5,"female",5,21,1.2,"yes",3.5,1
"727","yes",71,2,"voluntary",3.75,"female",5,16,4.6,"yes",4.5,5
"728","no",74,2.33,"voluntary",1.75,"female",1,16,3.8,"yes",1,1
"729","yes",55,3.6,"voluntary",2,"male",4,12,3.4,"yes",2,3
"730","no",43,1.33,"mandatory",2,"male",2,16,2.6,"no",2,1
"731","no",39,1.5,"voluntary",1,"male",1,21,1,"yes",1,5
"732","yes",53,3,"voluntary",3,"female",3,16,4.2,"yes",3,4
"733","yes",68,2.83,"voluntary",2.5,"male",4,21,3.4,"yes",3.5,3
"734","not applicable",NA,NA,"voluntary",NA,NA,NA,NA,NA,"yes",NA,NA
"735","no",62,2.33,"voluntary",1.25,"male",1,16,2.8,"yes",1,5
"736","yes",66,3.33,"voluntary",3.25,"female",4,16,2.6,"yes",4,3
"737","yes",65,2.8,"voluntary",4.25,"female",5,16,5,"yes",5,2
"738","yes",29,2.83,"voluntary",2.5,"male",5,21,1.4,"yes",3,1
"739","no",56,4.67,"voluntary",1.25,"male",3,16,4.2,"yes",1,1
"740","yes",28,4.67,"voluntary",4,"female",5,16,5,"yes",5,4
"741","yes",53,2.33,"voluntary",3.75,"male",1,18,2.2,"yes",1,5
"742","no",51,2.17,"voluntary",2,"male",5,21,3.4,"yes",1,1
"743","yes",75,1.67,"voluntary",2.5,"male",4,21,3.6,"yes",2,4
"744","yes",35,2.5,"voluntary",3,"male",5,16,4.8,"yes",3.5,5
"745","no",56,5,"voluntary",1.5,"female",5,18,5,"yes",5,3
"746","yes",82,1.67,"voluntary",1.75,"male",3,12,1.2,"yes",1,3
"747","no",70,2.5,"voluntary",1.25,"male",3,16,2.4,"yes",2,2
"748","no",66,2.83,"voluntary",1,"male",1,16,3.4,"yes",1,2
"749","no",NA,NA,"voluntary",NA,NA,NA,NA,NA,"yes",NA,NA
"750","yes",73,1.83,"voluntary",2.33,"male",1,21,1.8,"yes",1,5
"751","not applicable",NA,NA,"voluntary",NA,NA,NA,NA,NA,"yes",NA,NA
"752","no",61,1.83,"voluntary",NA,"female",3,18,3.4,"yes",1,3
"753","yes",47,5,"voluntary",3.5,"female",NA,18,3.8,"yes",5,NA
"754","no",36,2.67,"voluntary",2.5,"female",3,18,3.6,"yes",3,1
"755","yes",70,1.83,"mandatory",2.5,"male",3,21,2.6,"yes",1,3
"756","no",57,2.5,"voluntary",3,"female",3,21,3.6,"yes",3,4
"757","yes",62,3.17,"voluntary",3.25,"female",5,18,4.6,"yes",5,2
"758","no",NA,5,"mandatory",3,"female",5,10,3,"yes",3,1
"759","no",54,1.83,"voluntary",4,"female",5,18,5,"yes",5,5
"760","no",62,2.83,"voluntary",1,"male",1,18,3.4,"yes",2,4
"761","no",70,5,"voluntary",2.5,"female",NA,16,4.2,"yes",2.5,3
"762","no",56,1.67,"voluntary",1.5,"male",1,18,3.4,"no",1,2
"763","no",58,2,"voluntary",1,"male",3,18,2.6,"yes",3,3
"764","no",64,2.83,"voluntary",1.5,"female",1,16,1.6,"yes",1,4
"765","yes",60,3.17,"voluntary",3.5,"male",4,16,4,"yes",2.5,4
"766","no",77,2.83,"voluntary",2,"male",4,21,4.4,"no",4,2
"767","no",67,3.5,"voluntary",1.75,"male",2,18,4,"yes",2,4
"768","no",68,2,"voluntary",3,"male",NA,16,NA,"yes",NA,NA
"769","no",65,3,"voluntary",2.5,"female",1,21,2,"yes",2.5,5
"770","no",58,3.33,"voluntary",1.75,"male",2,18,1.2,"yes",2,1
"771","yes",53,2.33,"mandatory",2,"male",5,21,1.4,"no",2,1
"772","no",48,1.33,"mandatory",1.25,"female",1,16,3.8,"yes",1.5,1
"773","yes",89,3.17,"mandatory",2.25,"female",5,16,2,"no",4,4
"774","no",57,2,"mandatory",2.5,"male",1,12,4.6,"no",1,4
"775","no",78,4.17,"mandatory",2,"female",4,16,3.6,"no",3,3
"776","no",54,2.33,"mandatory",2.5,"female",1,16,1.6,"no",1,1
"777","yes",69,4.83,"mandatory",2.25,"female",3,16,3,"yes",2.5,1
"778","yes",44,2.83,"mandatory",5,"female",5,16,1.2,"no",3.5,4
"779","yes",33,5,"mandatory",2,"female",5,12,2.2,"no",2.5,2
"780","yes",51,3.33,"mandatory",3,"female",4,21,1.8,"no",1.5,4
"781","yes",38,3.67,"mandatory",5,"female",5,12,5,"no",5,5
"782","yes",28,5,"mandatory",5,"female",5,12,5,"no",5,3
"783","yes",69,3,"mandatory",2.25,"male",4,21,3,"no",2,3
"784","no",59,1,"mandatory",1,"female",2,12,2,"no",1,1
"785","no",64,2.83,"mandatory",1.25,"male",3,21,4.6,"no",2.5,4
"786","no",58,1,"mandatory",1,"female",1,12,1,"no",1,1
"787","yes",90,2.67,"mandatory",1,"female",2,16,1.2,"no",2,1
"788","yes",63,4.5,"mandatory",2.25,"female",3,12,1,"yes",1,1
"789","no",88,NA,"mandatory",1,"female",NA,16,NA,"no",2,NA
"790","yes",75,1.33,"mandatory",2,"female",1,10,1,"no",1,1
"791","yes",53,1.33,"mandatory",2.25,"male",5,18,2.4,"yes",3.5,2
"792","yes",71,2.67,"mandatory",1,"male",5,21,3.6,"no",4,3
"793","no",78,2,"mandatory",NA,"male",NA,16,NA,"no",NA,NA
"794","yes",69,1.33,"mandatory",2,"female",5,18,1.2,"no",5,3
"795","no",65,2.33,"mandatory",3.5,"male",1,NA,1.6,"no",1,4
"796","yes",83,1.5,"mandatory",1,"male",1,10,1,"no",1,1
"797","yes",70,3,"mandatory",1,"female",3,21,1,"yes",1.5,1
"798","no",78,1.83,"mandatory",1.25,"male",1,18,3.2,"no",1.5,1
"799","no",56,4.5,"mandatory",1,"female",2,16,1,"no",2,1
"800","no",77,4,"mandatory",2.25,"male",3,18,2.4,"no",1,3
"801","not applicable",62,2.5,"mandatory",2,"female",1,12,1,"no",1,1
"802","no",54,1.83,"mandatory",1.5,"female",2,18,3,"no",2,4
"803","yes",48,2,"mandatory",2.75,"female",5,18,5,"no",5,1
"804","yes",67,1.5,"mandatory",1.5,"female",2,21,3.4,"yes",1,2
"805","yes",52,3.33,"mandatory",4.5,"female",4,18,2.8,"no",2.5,5
"806","no",52,5,"mandatory",1,"female",5,18,4.6,"no",5,5
"807","no",78,2.33,"mandatory",1.75,"male",1,18,1,"yes",1,1
"808","no",63,2.17,"mandatory",1.75,"female",4,16,4,"no",1.5,5
"809","yes",62,3.33,"mandatory",3.5,"female",5,10,5,"no",5,5
"810","yes",69,3.5,"mandatory",3,"female",4,12,3,"no",3.5,3
"811","yes",70,4.17,"mandatory",3.75,"female",4,18,4.6,"no",3,3
"812","yes",70,2.67,"mandatory",2,"female",4,18,4.2,"no",3,3
"813","no",54,3.33,"mandatory",1.75,"female",2,18,3.6,"no",2,4
"814","no",67,2.67,"mandatory",1.5,"male",2,16,2.6,"no",2,5
"815","no",51,3.17,"mandatory",1.25,"female",4,21,2.2,"no",2.5,4
"816","yes",35,4,"mandatory",1.5,"male",4,21,3.8,"no",2.5,4
"817","yes",70,2.67,"mandatory",1.75,"male",2,18,2.4,"no",1.5,5
"818","no",62,1.33,"mandatory",1,"female",3,18,2.2,"no",3,3
"819","no",54,2.5,"mandatory",1.5,"female",NA,12,1,"no",NA,NA
"820","yes",73,2.6,"mandatory",1.5,"female",4,12,3.6,"no",4,4
"821","no",33,4,"mandatory",2.25,"female",5,18,2.2,"no",3.5,1
"822","no",77,2.17,"mandatory",2,"male",1,10,1.4,"no",1,4
"823","no",73,3.5,"mandatory",2,"female",4,12,4,"no",2,4
"824","no",71,5,"mandatory",1,"female",1,12,3.4,"no",1,5
"825","no",81,2.83,"mandatory",1,"male",1,18,1.8,"no",1,1
"826","no",68,1,"mandatory",2,"male",5,21,3,"yes",5,5
"827","no",50,2.33,"mandatory",1.5,"male",1,16,1,"no",1,1
"828","yes",73,4,"mandatory",4,"female",5,16,3.8,"no",4,3
"829","no",77,2.33,"mandatory",NA,"male",1,16,1,"yes",1,1
"830","no",56,3.17,"mandatory",1,"female",1,16,2.2,"no",1,1
"831","yes",49,2.33,"mandatory",2,"female",4,12,2,"yes",4,2
"832","yes",55,3.33,"mandatory",2.5,"female",4,18,4.6,"yes",3,5
"833","no",57,2.67,"mandatory",2.25,"female",4,16,3.2,"yes",2,1
"834","yes",81,3,"mandatory",1,"male",3,18,3.8,"no",1,4
"835","yes",55,3,"mandatory",2.5,"female",3,12,3,"yes",3,3
"836","yes",52,4.67,"mandatory",3,"female",4,18,3.6,"yes",4,1
"837","no",51,3,"mandatory",2.75,"male",2,18,1,"yes",2,1
"838","no",60,2.17,"mandatory",2,"female",5,18,3.4,"yes",2.5,1
"839","yes",48,3.67,"mandatory",3,"female",5,18,2.4,"yes",5,1
"840","yes",69,1.83,"mandatory",1.5,"male",4,21,3.2,"yes",2.5,3
"841","no",56,2.33,"mandatory",1.25,"female",1,21,1.8,"no",1,1
"842","no",68,3.5,"mandatory",1,"female",1,18,2.6,"yes",1,5
"843","yes",49,3.5,"mandatory",2,"male",5,21,1.8,"yes",1,1
"844","yes",68,3.8,"mandatory",4.5,"female",5,16,4.2,"yes",5,4
"845","no",56,2.5,"mandatory",5,"female",5,16,5,"no",5,5
"846","yes",52,3.33,"mandatory",2.25,"male",5,16,2.6,"yes",4.5,1
"847","yes",40,3,"mandatory",2.5,"female",4,18,3.4,"yes",3,2
"848","yes",72,1.5,"mandatory",1.25,"male",3,18,1.2,"no",2,3
"849","yes",47,2.67,"mandatory",2.75,"female",5,NA,3.2,"yes",4.5,NA
"850",NA,NA,2,"mandatory",NA,NA,NA,NA,NA,"no",NA,NA
"851","yes",77,2.67,"mandatory",1.67,"female",4,18,2.8,"yes",3,2
"852","yes",62,3,"mandatory",2.25,"male",3,16,4,"yes",1.5,5
"853","no",27,2.4,"mandatory",2.25,"female",3,18,4,"yes",3,1
"854","yes",42,1.17,"mandatory",1,"female",1,21,1,"yes",1,1
"855","yes",NA,2.5,"mandatory",2.25,"male",5,18,1.4,"yes",2,1
"856","yes",62,2,"mandatory",5,"female",NA,10,5,"no",NA,NA
"857","yes",64,1.67,"mandatory",2.75,"male",4,12,4.6,"yes",4,3
"858","yes",79,3,"mandatory",1.5,"male",3,16,1.8,"yes",3,2
"859","yes",71,2.5,"mandatory",3.25,"female",5,16,4.8,"no",4.5,5
"860","yes",52,3.33,"mandatory",2.5,"male",2,18,3.4,"yes",1,1
"861","yes",66,3.67,"mandatory",1.5,"female",4,21,2.8,"yes",4,1
"862","yes",44,2.17,"mandatory",2.75,"female",5,21,1.6,"yes",2.5,1
"863","no",73,2.17,"mandatory",1,"female",1,21,1,"no",1,1
"864","no",69,3.67,"voluntary",2.25,"female",3,16,1.6,"no",NA,NA
"865","yes",64,2.33,"voluntary",4,"female",5,12,5,"yes",1,1
"866","no",47,2.67,"voluntary",1,"female",1,16,4.6,"no",1,5
"867","yes",38,NA,"voluntary",5,"female",5,12,5,"no",5,NA
"868","no",67,3.33,"voluntary",1.25,"female",1,21,2.2,"no",2.5,5
"869","yes",43,4,"voluntary",4.5,"female",5,12,2.2,"no",5,5
"870","yes",61,4.17,"voluntary",3.5,"male",5,NA,5,"yes",4.5,5
"871","yes",46,4.4,"voluntary",2.25,"female",5,12,2,"no",4.5,2
"872","no",67,3.17,"voluntary",3,"male",1,12,2.6,"no",1,1
"873","no",52,3.67,"voluntary",3.25,"male",1,12,3.2,"no",1,3
"874","no",60,2.17,"voluntary",1,"female",1,16,1.6,"no",1,1
"875","no",53,2.67,"voluntary",2.25,"male",5,16,3.6,"no",2,1
"876","no",36,3.17,"voluntary",1.25,"female",4,18,2.8,"yes",2,1
"877","no",48,3.83,"voluntary",2,"male",4,18,2.6,"no",2.5,3
"878","no",57,1,"voluntary",1.75,"male",2,12,1,"no",1,1
"879","yes",49,3.33,"voluntary",2.5,"female",4,21,5,"no",5,5
"880","no",59,2.83,"voluntary",2,"male",3,16,3.2,"no",2.5,2
"881","yes",61,2.83,"voluntary",3.5,NA,5,21,3.2,"no",5,1
"882","yes",70,1.5,"voluntary",2.25,"male",3,NA,1.8,"no",2,3
"883","no",56,3.67,"voluntary",1.25,"male",2,16,1.8,"no",1.5,1
"884","no",65,3.75,"voluntary",2,"female",3,16,3.8,"no",3,3
"885","no",61,1.33,"voluntary",2,"male",1,21,5,"yes",1,1
"886","no",60,2,"voluntary",2.75,"female",4,18,3.8,"yes",2,3
"887","no",80,3,"voluntary",1.5,"female",5,10,1,"no",5,1
"888","yes",43,3.67,"voluntary",2,"female",4,21,2.8,"no",3,5
"889","no",74,2.33,"voluntary",1.75,"female",3,21,2.8,"no",1,1
"890","yes",60,2.83,"voluntary",2.5,"female",4,12,4.8,"yes",4,1
"891","no",60,1.17,"voluntary",3,"female",1,16,4.4,"no",1,3
"892","no",83,2.33,"voluntary",1,"female",1,18,1.8,"no",1,1
"893","no",71,3.4,"voluntary",1.25,"male",NA,21,3.4,"no",NA,NA
"894","not applicable",NA,NA,"voluntary",NA,NA,NA,NA,NA,"no",NA,NA
"895","no",65,3.67,"voluntary",1.75,"female",1,21,3.6,"no",1,5
"896","yes",37,2.6,"voluntary",2.25,"female",5,16,2.4,"no",2,2
"897","yes",70,2.17,"voluntary",1,"female",5,12,1,"no",3.5,1
"898","no",86,4.25,"voluntary",1,"female",2,16,1.6,"no",1.5,1
"899","yes",81,1.33,"voluntary",1.5,"male",NA,21,2.4,"no",2,4
"900","yes",73,2.67,"voluntary",1.25,"male",4,21,3.2,"no",3,5
"901","yes",51,2.67,"voluntary",4,"female",5,16,2.2,"no",5,5
"902","yes",84,2,"voluntary",3,"female",NA,16,3,"no",4,NA
"903","yes",68,1.17,"voluntary",3,"male",3,16,1,"no",1,3
"904","no",60,3,"voluntary",2.5,"female",1,16,1.8,"no",1,1
"905","yes",64,2.67,"voluntary",1,"male",3,18,4.8,"no",1.5,1
"906","no",75,3.17,"voluntary",1.75,"male",3,16,4.2,"no",3,5
"907","yes",NA,2.5,"voluntary",2,"male",4,21,1.4,"no",1,1
